web,title,subtile,price,about,color
https://www.nike.com/in/t/sportswear-max90-t-shirt-hs6vVc/FQ6003-100,Nike Sportswear,Men's Max90 T-Shirt,2 695.00,"The clean and casual look of the Max90 tee means you can stay in holiday mode whenever you want. Its heavyweight fabric gives you a premium look and feel, while the roomy fit provides easygoing beach vibes.Colour Shown: WhiteStyle: FQ6003-100",White
https://www.nike.com/in/t/dri-fit-adv-aps-fitness-tank-GswBJb/DX0929-100,Nike Dri-FIT ADV A.P.S.,Men's Fitness Tank,4 495.00,"Simple, yet versatile, this advanced sweat-wicking tank is ready for whatever your fitness routine requires—any time, anywhere. Part of our Axis Performance System (APS), we designed it using data and insights from athletes just like you. It comes with a discreet pocket that can be used even when layered with other APS garments.Colour Shown: White/BlackStyle: DX0929-100",White/Black
https://www.nike.com/in/t/naomi-osaka-short-sleeve-button-down-top-Cfg306/DX1847-386,Naomi Osaka,Short-Sleeve Button-Down Top,3 995.00,"Express your inner vibrant inner self in this lightweight, easy-fitting top. Unveiling Naomi's story and Japanese roots, the shy, muted colours bloom into a bold floral print. A full-length snap placket lets you change up your style and make it your own—just like Naomi would.Colour Shown: Oil Green/BlackStyle: DX1847-386",Oil Green/Black
https://www.nike.com/in/t/dri-fit-basketball-t-shirt-bfX2jf/FD0047-010,Nike Dri-FIT,Men's Basketball T-shirt,1 795.00,"This sweat-wicking tee takes it back to '96, a historic hoops year with graphics representing the iconic rookie class. It has a soft and relaxed fit for that easy feeling on and beyond the court.Colour Shown: BlackStyle: FD0047-010",Black
https://www.nike.com/in/t/kevin-durant-dri-fit-mesh-basketball-jersey-nhxL2M/DX0334-010,Kevin Durant,Men's Nike Dri-FIT Mesh Basketball Jersey,3 495.00,"Celebrating beats, hoops and vintage tees, this sweat-wicking jersey comes from KD's Easy Records. Relaxed and breathable, it can be worn on its own or as a base layer.Colour Shown: Black/WhiteStyle: DX0334-010",Black/White
https://www.nike.com/in/t/sportswear-max90-t-shirt-fjjlbW/FJ5245-100,Nike Sportswear Max90,Men's T-Shirt,2 495.00,"Keep your tee game fresh with style picked just for you. Made from midweight cotton that has a slight drape, this everyday favourite is cut for comfort.Colour Shown: White/BlackStyle: FJ5245-100",White/Black
https://www.nike.com/in/t/naomi-osaka-graphic-t-shirt-CFnh4B/DX2043-386,Naomi Osaka,Graphic T-Shirt,2 595.00,Stay comfy and stylish on your rest days in this Naomi Osaka graphic tee. The funky flower pattern and grounding hues create a playful yet focused vibe. The roomy fit and soft cotton make it perfect to throw on over a long-sleeve or under a jumper.Colour Shown: Oil Green/Space PurpleStyle: DX2043-386,Oil Green/Space Purple
https://www.nike.com/in/t/sportswear-t-shirt-9qF8vZ/FB9769-100,Nike Sportswear,Men's T-shirt,2 195.00,"Move with the music in this comfortable cotton tee. A reflective design graphic on the left sleeve nods to our '72 origins, while soft, lightweight cotton keeps you ready for anything.Colour Shown: WhiteStyle: FB9769-100",White
https://www.nike.com/in/t/jordan-flight-essentials-oversized-t-shirt-C7XVkQ/DZ7313-100,Jordan Flight Essentials,Men's Oversized T-Shirt,2 495.00,"Designed with an intentionally oversized fit, this tee is ready for whatever the day brings. With a Jumpman woven patch on the chest, no one will question what you're about.Colour Shown: WhiteStyle: DZ7313-100",White
https://www.nike.com/in/t/acg-short-sleeve-t-shirt-9sHcl3/DJ3643-885,Nike ACG,Men's Short-Sleeve T-Shirt,2 195.00,"Loose, roomy, outdoor ready.The Nike ACG T-Shirt keeps things comfy with a graphic repping All Conditions Gear. This product is made from 100% sustainable materials, using a blend of both recycled polyester and organic cotton fibres.The blend is at least 10% recycled fibres or at least 10% organic cotton fibres.Colour Shown: Bright MandarinStyle: DJ3643-885",Bright Mandari
https://www.nike.com/in/t/dri-fit-miler-running-tank-MFztGx/DV9322-084,Nike Dri-FIT Miler,Men's Running Tank,1 695.00,"Get those extra miles in with a top that won't hold you up. Our sweat-wicking Miler Tank returns with a longer body and ultra-lightweight fabric, so you get more coverage without the weight. It's cool and breathable, with a relaxed fit that won't slow you down.Colour Shown: Particle Grey/Grey Fog/HeatherStyle: DV9322-084",Particle Grey/Grey Fog/Heathe
https://www.nike.com/in/t/jordan-flight-mvp-85-t-shirt-fKFszL/DX9573-100,Jordan Flight MVP 85,Men's T-Shirt,2 795.00,Fly high in this all-over print tee. It's made from 100% cotton in a relaxed fit—just throw it on and soar.Colour Shown: White/Magic EmberStyle: DX9573-100,White/Magic Embe
https://www.nike.com/in/t/jordan-dri-fit-sport-sleeveless-top-wnTB2M/DM1827-100,Jordan Dri-FIT Sport,Men's Sleeveless Top,1 995.00,"Get ready to work. With sweat-wicking Dri-FIT Technology and a relaxed fit, this sleeveless top is perfect for training and putting up shots. The versatile silhouette and subtle branding will take you from the court to the couch, and everywhere in between.Colour Shown: White/BlackStyle: DM1827-100",White/Black
https://www.nike.com/in/t/sportswear-essentials-t-shirt-K9vnhV/DO7393-386,Nike Sportswear Premium Essentials,Men's T-Shirt,2 495.00,"The Nike Sportswear Premium Essentials T-Shirt has a loose fit for a carefree, comfortable look. Its heavyweight organic cotton fabric feels thick and soft. This product is made from at least 75% organic cotton fibres.Colour Shown: Oil GreenStyle: DO7393-386",Oil Gree
https://www.nike.com/in/t/sportswear-tech-pack-woven-long-sleeve-shirt-47rHn4/DX0206-010,Nike Sportswear Tech Pack,Men's Woven Long-sleeve Shirt,6 495.00,"Enjoy the sun without getting cooked in this versatile button-down. Designed to keep you more comfortable in a variety of conditions, the fabric sheds water and UV rays on the trail and in the wilderness. A subtle Tech Pack look helps you be just as comfortable if you style it up for a chill evening out.Colour Shown: Black/Black/BlackStyle: DX0206-010",Black/Black/Black
https://www.nike.com/in/t/dri-fit-primary-training-t-shirt-z9dSFb/DV9832-097,Nike Dri-FIT Primary,Men's Training T-Shirt,2 795.00,"Run, cycle, lift, stretch—no matter where your workout takes you, we have you covered in the sweat-wicking Primary Top. We designed it to be soft and comfortable, with underarm ventilation to help keep you cool during your reps.Colour Shown: Dark Grey Heather/Heather/Smoke GreyStyle: DV9832-097",Dark Grey Heather/Heather/Smoke Grey
https://www.nike.com/in/t/giannis-dri-fit-basketball-t-shirt-cX6nfG/FD0077-010,Giannis,Men's Nike Dri-FIT Basketball T-shirt,1 795.00,"Let your freak flag fly on the court with our Giannis Tee. It pays homage to one of the greatest to ever play the game and has smooth, sweat-wicking fabric to keep you comfortable.Colour Shown: BlackStyle: FD0077-010",Black
https://www.nike.com/in/t/jordan-essentials-oversized-graphic-t-shirt-nmkFRm/DX9583-111,Jordan Essentials,Men's Oversized Graphic T-shirt,2 795.00,"Baggy, comfy, cool, what's it to you? This roomy, everyday tee features an all-over tie-dye effect, adding a seasonal touch to your 'fit.Colour Shown: Pale Ivory/Light Sienna/AtmosphereStyle: DX9583-111",Pale Ivory/Light Sienna/Atmosphere
https://www.nike.com/in/t/jordan-essentials-jersey-2Rv3WJ/DX9665-847,Jordan Essentials,Men's Jersey,3 695.00,"Look breezy, feel breezy in this mesh jersey. An all-over print keeps the summer vibe alive so you can enjoy the whole season in breathable comfort.Colour Shown: Bright Citrus/Bright Citrus/WhiteStyle: DX9665-847",Bright Citrus/Bright Citrus/White
https://www.nike.com/in/t/dri-fit-adv-run-division-pinnacle-running-tank-2P3n8M/DX0846-010,Nike Dri-FIT ADV Run Division Pinnacle,Men's Running Tank,5 295.00,"Bring some speed to your run with our Run Division Tank. It's built like a vest, with a super lightweight feel and relaxed fit that won't get in the way of your stride. Plus, a dog graphic adds some teeth to your favourite route.Colour Shown: Black/PhantomStyle: DX0846-010",Black/Phantom
https://www.nike.com/in/t/jordan-23-engineered-t-shirt-6fXhgT/DX9591-010,Jordan 23 Engineered,Men's T-Shirt,2 795.00,Classic with a twist. This tee comes with sewn-in lines reminiscent of Jordan's iconic warm-up outfit. Minimalist branding on the front keeps the look simple.Colour Shown: Black/Dark ShadowStyle: DX9591-010,Black/Dark Shad
https://www.nike.com/in/t/sportswear-t-shirt-HDR1cx/FB9795-386,Nike Sportswear,Men's T-Shirt,2 495.00,"Celebrate tasty waves and casual beach life in this lightweight cotton tee. It's designed to feel relaxed through the shoulders, chest and body for easy comfort and layering. Printed graphics on the chest and back give a vibrant nod to the sun and surf scene.Colour Shown: Oil GreenStyle: FB9795-386",Oil Gree
https://www.nike.com/in/t/sportswear-t-shirt-DVg3cv/FB9806-686,Nike Sportswear,Men's T-Shirt,2 495.00,"Serving up all your ""Sole Food"" favourites, this tee delivers the goods—soft midweight cotton, our roomy Max90 fit and printed graphics that bring heat to the street. The real question—Dunks or Dumplings? Get you a van that can do both.Colour Shown: Pink BloomStyle: FB9806-686",Pink Bloom
https://www.nike.com/in/t/sportswear-t-shirt-zmMkxS/AR5005-010,Nike Sportswear,Men's T-Shirt,1 295.00,The Nike Sportswear T-Shirt sets you up with soft cotton jersey and a classic logo on the chest.Colour Shown: Black/WhiteStyle: AR5005-010,Black/White
https://www.nike.com/in/t/jordan-flight-mvp-fleece-pullover-hoodie-Z7kcns/DV7592-010,Jordan Flight MVP,Men's Fleece Pullover Hoodie,,"Spring's here, gear up. This fleece hoodie will keep you cosy—and a big ol' Jordan graphic busting through on the back keeps things fun.Colour Shown: Black/Rush OrangeStyle: DV7592-010",Black/Rush Orange
https://www.nike.com/in/t/jordan-artist-series-by-umar-rashid-flight-fleece-pullover-hoodie-DDqfNM/DV7571-133,Jordan Artist Series by Umar Rashid,Men's Flight Fleece Pullover Hoodie,4 395.00,"Umar Rashid (Frohawk Two Feathers) brings his distinctive illustrations to this luxe hoodie. His Artist Series collection is ""all about flight and tenacity"", showcasing his signature style—imagery that constructs alternative historical narratives, referencing a collection of cultures to collapse geography and time.Colour Shown: Sail/PalominoStyle: DV7571-133",ail/Palomi
https://www.nike.com/in/t/solo-swoosh-french-terry-pullover-hoodie-k5q1Qr/DX0814-567,Nike Solo Swoosh,Men's French Terry Pullover Hoodie,5 495.00,"This warm fleece hoodie is made with some extra room through the shoulders, chest and body for easy comfort and laid-back, nostalgic style. The thick, stretchy ribbing on the cuffs and hem help hold the hoodie in place and give a premium feel. Our solo Swoosh is embroidered on the left chest to keep your look clean and effortless.Colour Shown: Space Purple/WhiteStyle: DX0814-567",pace Purple/White
https://www.nike.com/in/t/jordan-dri-fit-sport-air-fleece-hoodie-xggshj/DV9783-063,Jordan Dri-FIT Sport,Men's Air Fleece Full-Zip Hoodie,5 495.00,"Get into it with this sleek, performance-ready hoodie. Soft fleece infused with sweat-wicking tech keeps you dry throughout your workout. When it comes to the jacket's design, everything is smooth. Taking nods from MJ's iconic trackssuit, concealed pockets blend into the Wings lines. Zip up, and you're ready to go.Colour Shown: Dark Grey Heather/BlackStyle: DV9783-063",Dark Grey Heather/Black
https://www.nike.com/in/t/forward-hoodie-hoodie-qKbJFt/DX4303-077,Nike Forward Hoodie,Men's Hoodie,,"Nike Forward catapults your classic hoodie into the future. Unlike traditional knit fabrics, Nike Forward combines multiple thin layers of select fibres for an exceptionally lightweight feel that's effortlessly warm and comfortable. Plus, this first iteration of Nike Forward reduces the carbon footprint by an average of 75% (due to the use of recycled materials, lower process-energy use and lower material density) when used instead of our traditional knit fleece materials. A lighter future is a brighter future. Join us for the journey Forward and let's experience it together.Colour Shown: Smoke Grey/Heather/Light Smoke Grey/Cool GreyStyle: DX4303-077",moke Grey/Heather/Light Smoke Grey/Cool Grey
https://www.nike.com/in/t/jordan-flight-heritage-fleece-sweatshirt-9P8wBn/DV7561-010,Jordan Flight Heritage,Men's Fleece Sweatshirt,6 295.00,Get cosy without looking scruffy. This super-soft fleece hoodie has an all-over wash for a nice worn-in look. The hood itself features a zip that lets you open it up and show off your Jordan pride. The embroidered Jumpman on the chest brings the whole look together.Colour Shown: Black/Cement Grey/Cement GreyStyle: DV7561-010,Black/Cement Grey/Cement Grey
https://www.nike.com/in/t/fleece-fitness-top-Q64t8H/DV9907-012,Nike Therma-FIT,Men's Fleece Fitness Top,,"Bring some extra heat to your workout courtesy of this warm fleece top. Part of our Body Shop collection, it celebrates your reps as a tune-up for your body. An oil-splattered print and Nike Body Shop graphic are just some of the signs of the work you put in.Colour Shown: Light Iron Ore/Summit White/Heather/BlackStyle: DV9907-012",Light Iron Ore/Summit White/Heather/Black
https://www.nike.com/in/t/nocta-basketball-hoodie-J2ZcTP/DX2838-063,NOCTA,Men's Basketball Hoodie,5 995.00,"NOCTA's bringing you a warm, hoops-inspired pullover hoodie. A silicone Swoosh and subtle NOCTA graphics add understated details that give this soft, smooth hoodie a clean finish.Colour Shown: Dark Grey Heather/Cobalt TintStyle: DX2838-063",Dark Grey Heather/Cobalt Tint
https://www.nike.com/in/t/sacai-hoodie-Tn38m8/DQ9030-010,Nike x sacai,Men's Full-Zip Hoodie,14 995.00,"Bridging past and present, this full-zip hoodie weaves together the classic Windrunner design with a layered hood and rich mixture of materials. With lots of style points, warmth and versatility, it's a go-to choice for days when you want to layer up and look good.Colour Shown: BlackStyle: DQ9030-010",Black
https://www.nike.com/in/t/yoga-dri-fit-pullover-hoodie-mBlVdX/DV9876-010,Nike Yoga Dri-FIT,Men's Pullover Hoodie,,"For the searchers, the dreamers and the doers, our sweat-wicking, textured hoodie is here for all your poses on the mat. We designed it with minimal seams and soft, stretchy fabric so you can find your flow with ease. Plus, the hood adds cosy coverage when you're looking for extra focus.Colour Shown: Black/BlackStyle: DV9876-010",Black/Black
https://www.nike.com/in/t/esc-knit-pullover-hoodie-QpVKV1/DR5406-325,Nike ESC,Men's Knit Pullover Hoodie,15 995.00,"We obsessed over every detail and made this sweatshirt from an ultra-soft knit cotton jersey for warmth and breathable comfort. It's designed to fit with some room through the shoulders, chest and body for easy movement and layering.Colour Shown: Cargo KhakiStyle: DR5406-325",argo Khaki
https://www.nike.com/in/t/sportswear-pullover-hoodie-84xv9Z/FD0916-010,Nike Sportswear,Men's Pullover Hoodie,,"Retro branding meets soft comfort in this classic hoodie. Smooth on the outside with unbrushed loops on the inside, this midweight French terry sweatshirt is breathable and comfortable enough to wear all year long, no matter what the temp is. An easy, relaxed fit and cosy hood add extra comfort to this street-ready layer.Colour Shown: Black/Hyper Royal/Bright CrimsonStyle: FD0916-010",Black/Hyper Royal/Bright Crims
https://www.nike.com/in/t/dri-fit-standard-issue-pullover-basketball-hoodie-kHLmGs/DV9502-010,Nike Dri-FIT Standard Issue,Men's Premium Pullover Basketball Hoodie,,"Throw it back to the '90s with the soft feel of our Standard Issue Hoodie. Made with a roomy fit and sweat-wicking technology, it's a pullover that has a performance look but is made to keep you comfortable beyond the court.Colour Shown: Black/WhiteStyle: DV9502-010",Black/White
https://www.nike.com/in/t/dri-fit-trail-pullover-trail-running-hoodie-wQwJxK/DV9325-405,Nike Dri-FIT Trail,Men's Pullover Trail-Running Hoodie,,"Start and finish your outdoor adventure with this comfortable trail-running hoodie. It's made for those pre- or post-run moments when a little extra insulation is welcome, with a comfortable, lightweight feel that keeps it cosy, like those waning moments of a beautiful sunset. Extra coverage courtesy of extendable sleeves helps keep the chill away from your hands.Colour Shown: Hyper Royal/Citron Pulse/Citron PulseStyle: DV9325-405",Hyper Royal/Citron Pulse/Citron Pulse
https://www.nike.com/in/t/sportswear-air-french-terry-pullover-hoodie-1r0DZb/DV9778-657,Nike Sportswear Air,Men's French Terry Pullover Hoodie,,"Stay true to the history and culture of Nike Air in this French terry hoodie. Raglan sleeves and a roomy fit through the chest and body pair up with soft ribbing on the cuffs and hem for a clean, comfortable finish. The hood can be adjusted with the bungees and Nike-branded cord locks.Colour Shown: University Red/University RedStyle: DV9778-657",University Red/University Red
https://www.nike.com/in/t/club-fleece-french-terry-pullover-hoodie-SsJFPV/DX0792-060,Nike Club Fleece,Men's French Terry Pullover Hoodie,4 095.00,"For those days your plain old hoodie just won't cut it, pull on this one from our Nike Club Fleece collection and make a statement. Pair it up with the matching fleece shorts and some fresh Nike sneakers for a uniform look that brings the energy.Colour Shown: Anthracite/Wolf Grey/BlackStyle: DX0792-060",Anthracite/Wolf Grey/Black
https://www.nike.com/in/t/acg-dri-fit-adv-lava-tree-uv-hoodie-Cv98gw/DX6968-121,"Nike ACG Dri-FIT ADV ""Lava Tree""",Men's UV Hoodie,4 695.00,"Our Nike ACG ""Lava Tree"" hoodie is made for the outdoor enthusiast who's not afraid to venture out in less-than-optimal conditions. This lightweight, performance-driven layer is designed to help manage your natural body heat, holding warm air in while letting moisture escape. Together with UV-blocking technology, this combination helps keep you comfortable on and off the trail.Colour Shown: Summit White/BlackStyle: DX6968-121",mmit White/Black
https://www.nike.com/in/t/lebron-liverpool-fc-pullover-hoodie-gqNfv0/DV9941-010,LeBron x Liverpool F.C.,Men's Pullover Hoodie,5 495.00,"Designed with LeBron's signature lion graphic plus the LFC logo, this hoodie pays tribute to 1 of his biggest early investments: an ownership stake in Liverpool F.C. Made with soft, sweat-wicking fabric and a loose fit, it's all about staying fresh while shooting hoops, dribbling a ball or cheering on your favourite team.Colour Shown: Black/Gym RedStyle: DV9941-010",Black/Gym Red
https://www.nike.com/in/t/air-jordan-wordmark-fleece-hoodie-hfHwCz/DV6463-270,Air Jordan Wordmark,Men's Fleece Hoodie,5 695.00,"Bundle up in this premium Jordan hoodie made from plush, heavyweight fleece with an all-over wash effect for the perfect worn-in look. It serves the straightforward quality your wardrobe requires.Colour Shown: Palomino/SailStyle: DV6463-270",Palomino/Sai
https://www.nike.com/in/t/sportswear-tech-pack-woven-long-sleeve-shirt-47rHn4/DX0206-010,Nike Sportswear Tech Pack,Men's Woven Long-sleeve Shirt,6 495.00,"Enjoy the sun without getting cooked in this versatile button-down. Designed to keep you more comfortable in a variety of conditions, the fabric sheds water and UV rays on the trail and in the wilderness. A subtle Tech Pack look helps you be just as comfortable if you style it up for a chill evening out.Colour Shown: Black/Black/BlackStyle: DX0206-010",Black/Black/Black
https://www.nike.com/in/t/sportswear-essentials-long-sleeve-t-shirt-HVdNRM/DO7391-100,Nike Sportswear Premium Essentials,Men's Long-Sleeve T-Shirt,2 695.00,"The Nike Sportswear Long-Sleeve T-Shirt has a loose fit for a carefree, comfortable look. Its heavyweight organic cotton fabric feels thick and soft. A subtle Futura logo at the centre of the front of the T-Shirt offers a signature Nike look while a set-on collar ensures a clean, comfortable fit. This product is made from at least 75% organic cotton fibres.Colour Shown: White/WhiteStyle: DO7391-100",White/White
https://www.nike.com/in/t/pro-dri-fit-tight-fit-long-sleeve-top-6HR6qX/DD1991-010,Nike Pro Dri-FIT,Men's Tight-Fit Long-Sleeve Top,1 795.00,The Nike Pro Dri-FIT Top hugs you in lightweight fabric with breathability built into high-heat zones to help keep you cool and dry from warm-ups to cool-downs. Stretchy fabric made from at least 75% recycled polyester fibres comes in a tight fit that easily layers under other tops.Colour Shown: Black/WhiteStyle: DD1991-010,Black/White
https://www.nike.com/in/t/dri-fit-miler-run-division-flash-long-sleeve-running-top-zjS2vT/DQ6494-010,Nike Dri-FIT Miler Run Division,Men's Flash Long-Sleeve Running Top,,"Cool weather runs are a breeze when you suit up in our sweat-wicking Run Division Top. It's a new spin on the Miler, with a reflective-design city grid graphic that nods to those who hit the pavement as a way to find peace in the daily grind. We made this one with a soft feel that can be worn as an only layer or a base layer.Colour Shown: BlackStyle: DQ6494-010",Black
https://www.nike.com/in/t/sportswear-long-sleeve-top-1t5PcQ/FD0960-010,Nike Sportswear,Men's Long-Sleeve Top,,"With a vintage look and feel (thanks to the special wash treatment), this top is ready for you to wear throughout the Year of the Rabbit—and into future years as well. Illustrated designs pay respect to the idea of multi-generational traditions and celebrating with family. Plus, that Blue Ribbon pays homage to a certain sneaker company's multi-generational success.Colour Shown: Black/BlackStyle: FD0960-010",Black/Black
https://www.nike.com/in/t/acg-long-sleeve-t-shirt-B1sswh/FB8445-479,Nike ACG,Men's Long-Sleeve T-Shirt,3 495.00,"With a structured feel, loose fit and topographical map-inspired graphics, this long-sleeve tee is ready for adventure. Plus, its blended fabric wicks sweat to help keep you dry.Colour Shown: Cobalt BlissStyle: FB8445-479",balt Bliss
https://www.nike.com/in/t/jordan-union-long-sleeve-t-shirt-nPZH0x/DV7341-100,Jordan x Union,Men's Long-Sleeve T-Shirt,3 495.00,"Heavyweight, structured and ready for whatever, this long-sleeve features subtle graphics—front, back and sleeves—as well as a woven patch. And you know they all rep Jordan and Union.Colour Shown: White/Grey HazeStyle: DV7341-100",White/Grey Haze
https://www.nike.com/in/t/sportswear-adv-tech-pack-engineered-tech-fleece-crew-s6Pjdq/DV9975-133,Nike Sportswear Therma-FIT ADV Tech Pack,Men's Engineered Tech Fleece Crew,,"Pull on our engineered Tech Fleece crew from Tech Pack and experience 360 degrees of luxe comfort. On the outside, double-knit fabric offers warmth and breathability. The inner layer is a smooth open-hole mesh that offers increased breathability. The shaping on the sleeves provides a better fit while the ribbed collar adds a soft and stretchy finish.Colour Shown: Sail/WhiteStyle: DV9975-133",ail/White
https://www.nike.com/in/t/lebron-liverpool-fc-long-sleeve-max90-t-shirt-CxMQR9/FD4024-010,LeBron x Liverpool F.C.,Men's Nike Long-Sleeve Max90 T-Shirt,2 195.00,"Designed with LeBron's signature lion graphic, this tee pays tribute to 1 of the King's biggest early investments: an ownership stake in Liverpool F.C. Made with midweight cotton and our signature Max90 fit, this roomy tee brings football and basketball together, letting you dream about both games at once.Colour Shown: BlackStyle: FD4024-010",Black
https://www.nike.com/in/t/jordan-dri-fit-sport-top-xJ5FdL/DV9787-010,Jordan Dri-FIT Sport,Men's Top,3 895.00,"Whatever the workout, this sweat-wicking top will see you through—and keep you feeling fresh. Sleek and streamlined, it features colour-blocking that looks as fast as you feel.Colour Shown: Black/BlackStyle: DV9787-010",Black/Black
https://www.nike.com/in/t/dri-fit-academy-football-drill-top-WHV4Mz/DX4301-010,Nike Dri-FIT Academy,Men's Football Drill Top,2 895.00,"Step onto the pitch with the smooth and stretchy coverage of our sweat-wicking Academy Top. It's your go-to for training and beyond, with breathable panels to help you stay cool when your drills heat up. Discreet thumbholes let you extend coverage while keeping the sleeves in place and your hands warm—so you can pass, dribble and shoot without anything holding you back.Colour Shown: Black/White/WhiteStyle: DX4301-010",Black/White/White
https://www.nike.com/in/t/acg-long-sleeve-t-shirt-fg5Xxh/DX9451-330,Nike ACG,Men's Long-Sleeve T-Shirt,,"Made from heavyweight blended fabric for a structured, premium feel, this long-sleeve ACG tee has a printed graphic on the chest that celebrates the All Conditions Gear ethos. Our roomy Max90 fit gives you some extra space through the shoulders, chest and body for easy movement and casual comfort.Colour Shown: Mica GreenStyle: DX9451-330",Mica Gree
https://www.nike.com/in/t/dri-fit-long-sleeve-trail-running-crew-NpFQGw/DV9382-411,Nike Dri-FIT,Men's Long-Sleeve Trail Running Crew,,"Your off-road adventure gets a little more comfortable with this soft, relaxed tee. The fabric wicks moisture away from your body so the top won't stick to you when your trail run heats up.Colour Shown: Midnight Navy/BlackStyle: DV9382-411",Midnight Navy/Black
https://www.nike.com/in/t/jordan-artist-series-by-umar-rashid-long-sleeve-t-shirt-NJC2f7/DV8424-133,Jordan Artist Series by Umar Rashid,Men's Long-Sleeve T-Shirt,2 295.00,"Umar Rashid (Frohawk Two Feathers) brings his distinctive illustrations to this long-sleeve tee. His Artist Series collection is ""all about flight and tenacity"", showcasing his signature style—imagery that constructs alternative historical narratives, referencing a collection of cultures to collapse geography and time.Colour Shown: SailStyle: DV8424-133",ai
https://www.nike.com/in/t/dri-fit-trail-trail-running-hoodie-P7B7mk/DM4744-451,Nike Dri-FIT Trail,Men's Trail Running Hoodie,,"Light and loose for those chilly off-road runs, we made the Nike Dri-FIT Trail Hoodie to keep you covered and comfortable in changing conditions. An articulated hood lets you move your head and keep your hat or beanie on. Small details like a watch window help you keep track of time while you lose yourself in the outdoors. This product is made from at least 75% recycled polyester fibres.Colour Shown: Obsidian/Dark Marina Blue/Laser BlueStyle: DM4744-451",Obsidian/Dark Marina Blue/Laser Blue
https://www.nike.com/in/t/forward-crew-crew-2ddJMh/DQ4265-084,Nike Forward Crew,Men's Crew,,"Nike Forward catapults your classic sweatshirt into the future. Unlike traditional knit fabrics, Nike Forward combines multiple thin layers of select fibres for an exceptionally lightweight feel that's effortlessly warm and comfortable. Plus, this first iteration of Nike Forward reduces the carbon footprint by an average of 75% (due to the use of recycled materials, lower process-energy use, and lower material density) when used instead of our traditional knit fleece materials. A lighter future is a brighter future. Join us for the journey Forward and let's experience it together.Colour Shown: Light Smoke Grey/Heather/Anthracite/Light Smoke GreyStyle: DQ4265-084",Light Smoke Grey/Heather/Anthracite/Light Smoke Grey
https://www.nike.com/in/t/jordan-flight-mvp-85-long-sleeve-t-shirt-Bs2kr1/DV8428-817,Jordan Flight MVP 85,Men's Long-Sleeve T-Shirt,2 995.00,Pour a breakfast bowl of greatness with the original champion. This soft and comfy long-sleeve tee has a puffy print on the front and a distressed MJ graphic on the back to give you that vintage charm.Colour Shown: Rush Orange/White/BlackStyle: DV8428-817,Rush Orange/White/Black
https://www.nike.com/in/t/lebron-long-sleeve-basketball-t-shirt-f3Nbtt/DV9723-446,LeBron,Men's Long-Sleeve Basketball T-Shirt,,"Strive for greatness—and comfort—in this long-sleeve tee. It feels smooth, like an old favourite, with a roomy feel that won't get in your way.Colour Shown: Laser BlueStyle: DV9723-446",Laser Blue
https://www.nike.com/in/t/acg-dri-fit-uv-devastation-trail-top-D9rlfR/DN3937-010,Nike ACG Dri-FIT UV 'Devastation Trail',Men's Top,6 895.00,"Button up and explore in the Nike ACG Dri-FIT UV 'Devastation Trail' Top. Stretchy and smooth, it offers adaptable coverage (like foldable sleeves) and fabric made from at least 75% recycled polyester fibres. Convenient pockets keep your essentials close so you'll be prepared wherever the trail takes you.Colour Shown: Black/Summit WhiteStyle: DN3937-010",Black/Summit White
https://www.nike.com/in/t/paris-saint-germain-top-Xsdvc7/DV0624-705,Paris Saint-Germain,Men's Top,,"This top gives the illusion of layers, but without the extra fabric weighing you down. Soft cotton falls over slick woven sleeve panels, with elegant screen-printed branding that reps Jordan and PSG. It's a standout look whether you're in the stands or the streets.Colour Shown: Taxi/BlackStyle: DV0624-705",Taxi/Black
https://www.nike.com/in/t/jordan-union-jumper-kjWrKZ/DV7355-348,Jordan x Union,Men's Jumper,12 995.00,The bold Jordan x Union graphic is knit directly into the jumper with no prints or patches. Sounds like your look is ready to go.Colour Shown: Kinetic Green/WhiteStyle: DV7355-348,Kinetic Green/White
https://www.nike.com/in/t/jordan-j-balvin-crew-55MbpG/DR3102-316,Jordan x J Balvin,Men's Crew,,"J Balvin remixes the classic crew to help you look good and stay warm. UV-reactive embroidered logos shimmer in the sunlight, energising any outfit.Colour Shown: Jade Aura/Enamel GreenStyle: DR3102-316",Jade Aura/Enamel Gree
https://www.nike.com/in/t/acg-long-sleeve-t-shirt-j21RPm/DX9453-010,Nike ACG,Men's Long-Sleeve T-Shirt,,"Made from heavyweight fabric for a structured, premium feel, this long-sleeve ACG tee has printed graphics that celebrate the rockpool life along the Oregon Coast. The roomy Max90 fit gives you some extra space through the shoulders, chest and body for easy movement and casual comfort.Colour Shown: BlackStyle: DX9453-010",Black
https://www.nike.com/in/t/air-long-sleeve-t-shirt-M9GRd0/DX1010-455,Nike Air,Men's Long-Sleeve T-Shirt,,"Made from our mid-weight cotton in a relaxed fit for casual, everyday wear, this long-sleeve has printed graphics on the left side of the chest and the sleeve that give a nod to the iconic Nike Air franchise.Colour Shown: Deep Royal BlueStyle: DX1010-455",Deep Royal Blue
https://www.nike.com/in/t/sportswear-max90-t-shirt-hs6vVc/FQ6003-100,Nike Sportswear,Men's Max90 T-Shirt,2 695.00,"The clean and casual look of the Max90 tee means you can stay in holiday mode whenever you want. Its heavyweight fabric gives you a premium look and feel, while the roomy fit provides easygoing beach vibes.Colour Shown: WhiteStyle: FQ6003-100",White
https://www.nike.com/in/t/naomi-osaka-short-sleeve-button-down-top-Cfg306/DX1847-386,Naomi Osaka,Short-Sleeve Button-Down Top,3 995.00,"Express your inner vibrant inner self in this lightweight, easy-fitting top. Unveiling Naomi's story and Japanese roots, the shy, muted colours bloom into a bold floral print. A full-length snap placket lets you change up your style and make it your own—just like Naomi would.Colour Shown: Oil Green/BlackStyle: DX1847-386",Oil Green/Black
https://www.nike.com/in/t/dri-fit-basketball-t-shirt-bfX2jf/FD0047-010,Nike Dri-FIT,Men's Basketball T-shirt,1 795.00,"This sweat-wicking tee takes it back to '96, a historic hoops year with graphics representing the iconic rookie class. It has a soft and relaxed fit for that easy feeling on and beyond the court.Colour Shown: BlackStyle: FD0047-010",Black
https://www.nike.com/in/t/sportswear-max90-t-shirt-fjjlbW/FJ5245-100,Nike Sportswear Max90,Men's T-Shirt,2 495.00,"Keep your tee game fresh with style picked just for you. Made from midweight cotton that has a slight drape, this everyday favourite is cut for comfort.Colour Shown: White/BlackStyle: FJ5245-100",White/Black
https://www.nike.com/in/t/naomi-osaka-graphic-t-shirt-CFnh4B/DX2043-386,Naomi Osaka,Graphic T-Shirt,2 595.00,Stay comfy and stylish on your rest days in this Naomi Osaka graphic tee. The funky flower pattern and grounding hues create a playful yet focused vibe. The roomy fit and soft cotton make it perfect to throw on over a long-sleeve or under a jumper.Colour Shown: Oil Green/Space PurpleStyle: DX2043-386,Oil Green/Space Purple
https://www.nike.com/in/t/sportswear-t-shirt-9qF8vZ/FB9769-100,Nike Sportswear,Men's T-shirt,2 195.00,"Move with the music in this comfortable cotton tee. A reflective design graphic on the left sleeve nods to our '72 origins, while soft, lightweight cotton keeps you ready for anything.Colour Shown: WhiteStyle: FB9769-100",White
https://www.nike.com/in/t/jordan-flight-essentials-oversized-t-shirt-C7XVkQ/DZ7313-100,Jordan Flight Essentials,Men's Oversized T-Shirt,2 495.00,"Designed with an intentionally oversized fit, this tee is ready for whatever the day brings. With a Jumpman woven patch on the chest, no one will question what you're about.Colour Shown: WhiteStyle: DZ7313-100",White
https://www.nike.com/in/t/acg-short-sleeve-t-shirt-9sHcl3/DJ3643-885,Nike ACG,Men's Short-Sleeve T-Shirt,2 195.00,"Loose, roomy, outdoor ready.The Nike ACG T-Shirt keeps things comfy with a graphic repping All Conditions Gear. This product is made from 100% sustainable materials, using a blend of both recycled polyester and organic cotton fibres.The blend is at least 10% recycled fibres or at least 10% organic cotton fibres.Colour Shown: Bright MandarinStyle: DJ3643-885",Bright Mandari
https://www.nike.com/in/t/jordan-flight-mvp-85-t-shirt-fKFszL/DX9573-100,Jordan Flight MVP 85,Men's T-Shirt,2 795.00,Fly high in this all-over print tee. It's made from 100% cotton in a relaxed fit—just throw it on and soar.Colour Shown: White/Magic EmberStyle: DX9573-100,White/Magic Embe
https://www.nike.com/in/t/sportswear-essentials-t-shirt-K9vnhV/DO7393-386,Nike Sportswear Premium Essentials,Men's T-Shirt,2 495.00,"The Nike Sportswear Premium Essentials T-Shirt has a loose fit for a carefree, comfortable look. Its heavyweight organic cotton fabric feels thick and soft. This product is made from at least 75% organic cotton fibres.Colour Shown: Oil GreenStyle: DO7393-386",Oil Gree
https://www.nike.com/in/t/dri-fit-primary-training-t-shirt-z9dSFb/DV9832-097,Nike Dri-FIT Primary,Men's Training T-Shirt,2 795.00,"Run, cycle, lift, stretch—no matter where your workout takes you, we have you covered in the sweat-wicking Primary Top. We designed it to be soft and comfortable, with underarm ventilation to help keep you cool during your reps.Colour Shown: Dark Grey Heather/Heather/Smoke GreyStyle: DV9832-097",Dark Grey Heather/Heather/Smoke Grey
https://www.nike.com/in/t/giannis-dri-fit-basketball-t-shirt-cX6nfG/FD0077-010,Giannis,Men's Nike Dri-FIT Basketball T-shirt,1 795.00,"Let your freak flag fly on the court with our Giannis Tee. It pays homage to one of the greatest to ever play the game and has smooth, sweat-wicking fabric to keep you comfortable.Colour Shown: BlackStyle: FD0077-010",Black
https://www.nike.com/in/t/jordan-essentials-oversized-graphic-t-shirt-nmkFRm/DX9583-111,Jordan Essentials,Men's Oversized Graphic T-shirt,2 795.00,"Baggy, comfy, cool, what's it to you? This roomy, everyday tee features an all-over tie-dye effect, adding a seasonal touch to your 'fit.Colour Shown: Pale Ivory/Light Sienna/AtmosphereStyle: DX9583-111",Pale Ivory/Light Sienna/Atmosphere
https://www.nike.com/in/t/jordan-23-engineered-t-shirt-6fXhgT/DX9591-010,Jordan 23 Engineered,Men's T-Shirt,2 795.00,Classic with a twist. This tee comes with sewn-in lines reminiscent of Jordan's iconic warm-up outfit. Minimalist branding on the front keeps the look simple.Colour Shown: Black/Dark ShadowStyle: DX9591-010,Black/Dark Shad
https://www.nike.com/in/t/sportswear-oversized-t-shirt-ptNVST/FB9767-010,Nike Sportswear,Men's Oversized T-shirt,3 095.00,"Time to elevate your T-shirt collection? This tee answers the call. Heavyweight cotton and a clean, embroidered Futura logo keep it simple for pairing up with any outfit. The oversize fit gives you plenty of extra space for casual style and easy layering.Colour Shown: BlackStyle: FB9767-010",Black
https://www.nike.com/in/t/sportswear-t-shirt-bRv0kJ/FJ5315-100,Nike Sportswear,Men's T-Shirt,2 495.00,"Your classic tee gets bike-specific with its graphics. And peep the back pocket ready to hold your keys, phone or wallet.Colour Shown: White/Gorge Green/WhiteStyle: FJ5315-100",White/Gorge Green/White
https://www.nike.com/in/t/sportswear-t-shirt-DVg3cv/FB9806-686,Nike Sportswear,Men's T-Shirt,2 495.00,"Serving up all your ""Sole Food"" favourites, this tee delivers the goods—soft midweight cotton, our roomy Max90 fit and printed graphics that bring heat to the street. The real question—Dunks or Dumplings? Get you a van that can do both.Colour Shown: Pink BloomStyle: FB9806-686",Pink Bloom
https://www.nike.com/in/t/dri-fit-uv-miler-short-sleeve-running-top-HZxvZl/DV9316-246,Nike Dri-FIT UV Miler,Men's Short-Sleeve Running Top,1 695.00,"Get those extra miles in with a top that holds up to the punishment. Our sweat-wicking Miler Top returns with a longer body and ultra-lightweight fabric, so you get more coverage without the weight. It's cool and breathable, with a relaxed, easy fit that won't slow you down. Plus, UV protection helps add extra coverage from the sun.Colour Shown: Dark RussetStyle: DV9316-246",Dark Russet
https://www.nike.com/in/t/sportswear-t-shirt-HDR1cx/FB9795-386,Nike Sportswear,Men's T-Shirt,2 495.00,"Celebrate tasty waves and casual beach life in this lightweight cotton tee. It's designed to feel relaxed through the shoulders, chest and body for easy comfort and layering. Printed graphics on the chest and back give a vibrant nod to the sun and surf scene.Colour Shown: Oil GreenStyle: FB9795-386",Oil Gree
https://www.nike.com/in/t/dri-fit-run-division-rise-365-short-sleeve-running-top-W5g3Cb/DV9300-010,Nike Dri-FIT Run Division Rise 365,Men's Short-Sleeve Running Top,,"Light and breathable, the sweat-wicking Run Division Rise 365 Top keeps it comfortable when you're looking to get the most out of your miles. Side vents help you move freely, while a back pocket adds storage for a key or card. Looking to shed a layer? The pocket can also be used to pack away the top.Colour Shown: BlackStyle: DV9300-010",Black
https://www.nike.com/in/t/kevin-durant-max-90-basketball-t-shirt-HZFjz4/FD0061-010,Kevin Durant Nike Max 90,Men's Basketball T-shirt,2 195.00,"Beats, hoops and life. We celebrate KD's favourite things with bold ""Easy"" graphics on this classic tee. We made this tee with dropped shoulders, longer sleeves and a roomy fit through the body and hips for a relaxed and casual look.Colour Shown: BlackStyle: FD0061-010",Black
https://www.nike.com/in/t/jordan-flight-essentials-oversized-t-shirt-84459x/DZ0604-321,Jordan Flight Essentials,Men's Oversized T-Shirt,2 495.00,"Big 'n' baggy for comfort and style. This super-soft tee features longer sleeves and dropped shoulders. Combined with a minimal Jumpman woven chest patch, you're lookin' n-i-c-e.Colour Shown: Pistachio FrostStyle: DZ0604-321",Pistachio Frost
https://www.nike.com/in/t/sb-short-sleeve-woven-skate-button-down-nnlcFZ/DV9076-270,Nike SB,Short-sleeve Woven Skate Button Down,4 995.00,"Made from a soft midweight cotton and reinforced stitching, this short-sleeve woven top is durable enough for daily riding and stylish enough to wear anywhere. The soft fabric feels smooth against your skin but with the toughness to withstand the woes of learning and earning that new trick.Colour Shown: Ale Brown/Coconut MilkStyle: DV9076-270",Ale Brown/Coconut Milk
https://www.nike.com/in/t/sportswear-max90-t-shirt-JNpb1l/FB9804-100,Nike Sportswear,Men's Max90 T-Shirt,2 495.00,"We've been serving up sole food hot and fresh for decades. The signature Max90 fit is designed to give you some room through the shoulders, chest and body for casual comfort and easy layering. Soft, midweight cotton feels soft and slightly structured while playful printed graphics keep you looking fresh.Colour Shown: WhiteStyle: FB9804-100",White
https://www.nike.com/in/t/dri-fit-adv-aps-fitness-tank-GswBJb/DX0929-100,Nike Dri-FIT ADV A.P.S.,Men's Fitness Tank,4 495.00,"Simple, yet versatile, this advanced sweat-wicking tank is ready for whatever your fitness routine requires—any time, anywhere. Part of our Axis Performance System (APS), we designed it using data and insights from athletes just like you. It comes with a discreet pocket that can be used even when layered with other APS garments.Colour Shown: White/BlackStyle: DX0929-100",White/Black
https://www.nike.com/in/t/kevin-durant-dri-fit-mesh-basketball-jersey-nhxL2M/DX0334-010,Kevin Durant,Men's Nike Dri-FIT Mesh Basketball Jersey,3 495.00,"Celebrating beats, hoops and vintage tees, this sweat-wicking jersey comes from KD's Easy Records. Relaxed and breathable, it can be worn on its own or as a base layer.Colour Shown: Black/WhiteStyle: DX0334-010",Black/White
https://www.nike.com/in/t/dri-fit-miler-running-tank-MFztGx/DV9322-084,Nike Dri-FIT Miler,Men's Running Tank,1 695.00,"Get those extra miles in with a top that won't hold you up. Our sweat-wicking Miler Tank returns with a longer body and ultra-lightweight fabric, so you get more coverage without the weight. It's cool and breathable, with a relaxed fit that won't slow you down.Colour Shown: Particle Grey/Grey Fog/HeatherStyle: DV9322-084",Particle Grey/Grey Fog/Heathe
https://www.nike.com/in/t/jordan-dri-fit-sport-sleeveless-top-wnTB2M/DM1827-100,Jordan Dri-FIT Sport,Men's Sleeveless Top,1 995.00,"Get ready to work. With sweat-wicking Dri-FIT Technology and a relaxed fit, this sleeveless top is perfect for training and putting up shots. The versatile silhouette and subtle branding will take you from the court to the couch, and everywhere in between.Colour Shown: White/BlackStyle: DM1827-100",White/Black
https://www.nike.com/in/t/jordan-essentials-jersey-2Rv3WJ/DX9665-847,Jordan Essentials,Men's Jersey,3 695.00,"Look breezy, feel breezy in this mesh jersey. An all-over print keeps the summer vibe alive so you can enjoy the whole season in breathable comfort.Colour Shown: Bright Citrus/Bright Citrus/WhiteStyle: DX9665-847",Bright Citrus/Bright Citrus/White
https://www.nike.com/in/t/dri-fit-adv-run-division-pinnacle-running-tank-2P3n8M/DX0846-010,Nike Dri-FIT ADV Run Division Pinnacle,Men's Running Tank,5 295.00,"Bring some speed to your run with our Run Division Tank. It's built like a vest, with a super lightweight feel and relaxed fit that won't get in the way of your stride. Plus, a dog graphic adds some teeth to your favourite route.Colour Shown: Black/PhantomStyle: DX0846-010",Black/Phantom
https://www.nike.com/in/t/dri-fit-hyverse-short-sleeve-fitness-tank-qjZM1B/DV9842-010,Nike Dri-FIT Hyverse,Men's Short-Sleeve Fitness Tank,1 995.00,"We made the sweat-wicking Hyverse Tank to help you get through your hardest of workouts, whether you're going on a quick run, doing reps at the gym or finding your centre on the yoga mat. It's built to handle your best, so give it all you've got.Colour Shown: Black/WhiteStyle: DV9842-010",Black/White
https://www.nike.com/in/t/dri-fit-run-division-rise-365-running-tank-RN7FTf/DX0852-010,Nike Dri-FIT Run Division Rise 365,Men's Running Tank,3 495.00,"A warm breeze meets cool speed in this sweat-wicking Rise 365 Tank. It's a spin on our racing vest with a relaxed, lightweight and breathable feel for those hot runs. We gave it the Run Division treatment with reflective-design elements and a pouch pocket that lets you pack the shirt away when you need to layer down.Colour Shown: BlackStyle: DX0852-010",Black
https://www.nike.com/in/t/dri-fit-miler-running-tank-KGJhzM/DX1549-121,Nike Dri-FIT Miler,Men's Running Tank,2 195.00,"Give your body the tune-up it needs in our sweat-wicking Miler Tank. Loose-fitting and breathable, it offers a longer body and ultra-lightweight fabric to help you get more coverage without the weight. Graphics celebrate the Nike Body Shop, where putting in the work keeps your motor running at its best.Colour Shown: Summit White/Picante RedStyle: DX1549-121",mmit White/Picante Red
https://www.nike.com/in/t/jordan-dri-fit-sport-breakfast-club-mesh-jersey-BrwB5M/DZ0565-022,Jordan Dri-FIT Sport Breakfast Club,Men's Mesh Jersey,2 795.00,"It's tank top season—you ready? This mesh jersey is airy, breathable and enhanced with sweat-wicking technology so you'll stay dry on the court (or in the car or at the festival—you get the idea). Wherever you go, the all-over tie-dye print has you covered in style.Colour Shown: Dark Shadow/WhiteStyle: DZ0565-022",Dark Shadow/White
https://www.nike.com/in/t/pro-dri-fit-tight-fit-sleeveless-top-KdVF23/DD1989-010,Nike Pro Dri-FIT,Men's Tight-Fit Sleeveless Top,1 495.00,The Nike Pro Dri-FIT Top hugs you in lightweight fabric with breathability built into high-heat zones to keep you cool and dry from warm-ups to cool-downs.Stretchy fabric made from at least 75% recycled polyester fibres comes in a tight fit that easily layers under other tops.Colour Shown: Black/WhiteStyle: DD1989-010,Black/White
https://www.nike.com/in/t/dri-fit-adv-aeroswift-racing-vest-613JkQ/DM4625-639,Nike Dri-FIT ADV AeroSwift,Men's Racing Vest,4 695.00,"You've pushed through the worst to compete with the best. So, let the breathable feel of the Nike Dri-FIT ADV AeroSwift Vest take you across the finish. Lightweight and silky smooth, the vest uses our most innovative technologies to get you to your personal best. This product is made with at least 75% recycled polyester fibres.Colour Shown: Hyper Pink/WhiteStyle: DM4625-639",Hyper Pink/White
https://www.nike.com/in/t/dri-fit-rise-365-running-tank-pr7gXM/CZ9180-010,Nike Dri-FIT Rise 365,Men's Running Tank,2 495.00,"A lightweight favourite returns with more breathability. The Nike Dri-FIT 365 Top is made using runner-informed data for cooling in areas where you need it. It has the same soft feel you've come to expect, with design details that nod to the iconic Nike chevron. This product is made from 100% recycled polyester fibres.Colour Shown: BlackStyle: CZ9180-010",Black
https://www.nike.com/in/t/dri-fit-training-tank-XTDMBs/FD0147-100,Nike Dri-FIT,Men's Training Tank,1 795.00,"Smooth and relaxed, just like every classic tank should be. This one keeps it light and comfortable with an iconic graphic that compels you to go for it.Colour Shown: WhiteStyle: FD0147-100",White
https://www.nike.com/in/t/dri-fit-sleeveless-fleece-fitness-top-rs6KTv/DX0883-010,Nike Dri-FIT,Men's Sleeveless Fleece Fitness Top,3 695.00,"Give your body a tune-up when you wear our sweat-wicking top. It comes with soft fleece fabric, a vintage look and a fit like an old favourite. Graphics nod to the Nike Body Shop, setting you up with gear that helps you get the most out of your workouts.Colour Shown: Black/Blue Whisper/Summit WhiteStyle: DX0883-010",Black/Blue Whisper/Summit White
https://www.nike.com/in/t/dri-fit-icon-basketball-jersey-4Z5f8P/DV9968-010,Nike Dri-FIT Icon,Men's Basketball Jersey,1 995.00,"Smooth, sweat-wicking, iconic. We made this jersey just like the ones you see on the court, with a relaxed fit for comfort beyond the hardwood.Colour Shown: Black/Black/White/WhiteStyle: DV9968-010",Black/Black/White/White
https://www.nike.com/in/t/dri-fit-sleeveless-hooded-pullover-training-top-vSN0Tn/DM6663-010,Nike Dri-FIT,Men's Sleeveless Hooded Pullover Training Top,3 595.00,"The Nike Dri-FIT Pullover Training Top gives you the option to chase your dreams or crush your goals. Soft, smooth taffeta on the upper is stretchy and made to move. The lower body is made from a lightweight cotton blend for a cool, airy feel. Our sweat-wicking technology works hard to keep you dry while you go after it.Colour Shown: Black/CinnabarStyle: DM6663-010",Black/Cinnaba
https://www.nike.com/in/t/dri-fit-basketball-jersey-JB5c4W/DQ6171-045,Nike Dri-FIT,Men's Premium Basketball Jersey,,Throw it back to the '90s with the grunge-inspired look of our sweat-wicking jersey. We made this one with smooth mesh and a graphic that nods to the anarchic spirit of the decade.Colour Shown: Off-Noir/Gym RedStyle: DQ6171-045,Off-Noir/Gym Red
https://www.nike.com/in/t/dri-fit-starting-5-basketball-jersey-d269Hh/DQ5829-070,Nike Dri-FIT Starting 5,Men's Basketball Jersey,2 195.00,"Celebrate 40 years of Nike Force bringing energy to the court in our Starting 5 Jersey. Smooth, breathable fabric gives you a lightweight feel as you go coast-to-coast on the hardwood. It's an ode to an icon, with a relaxed fit that feels at home on the court and beyond.Colour Shown: Dark Smoke Grey/Black/White/Dark Smoke GreyStyle: DQ5829-070",Dark Smoke Grey/Black/White/Dark Smoke Grey
https://www.nike.com/in/t/zion-mesh-top-6BbL3w/FB8161-025,Zion,Men's Mesh Top,3 495.00,Keep it breezy this summer season in a bold mesh tank top. The lightweight material helps you stay cool while fire Zion graphics keep your look on lock.Colour Shown: Photon Dust/BlackStyle: FB8161-025,Photon Dust/Black
https://www.nike.com/in/t/lebron-james-los-angeles-lakers-2022-23-select-series-dri-fit-nba-swingman-jersey-6PjGBv/FD4093-580,LeBron James Los Angeles Lakers 2022/23 Select Series,Men's Nike Dri-FIT NBA Swingman Jersey,7 995.00,"MVP. Champion. Future Hall of Famer. Our Select Series honours LeBron James as a living NBA legend. The distinctive dyed design of this jersey is unique to LeBron, celebrating everything that makes him 1 of 1 on the court.Colour Shown: Purple PulseStyle: FD4093-580",Purple Pulse
https://www.nike.com/in/t/zion-mesh-top-F9WDgK/DX0635-687,Zion,Men's Mesh Top,,"Big on work, big on play: you can put in hours on the court or hours on the town in this top. It's made from lightweight mesh material with Dri-FIT Technology so you stay dry and cool through it all. This top will let you stand out from the crowd with its all-over print and embroidered Zion logos.Colour Shown: Gym RedStyle: DX0635-687",Gym Red
https://www.nike.com/in/t/los-angeles-lakers-icon-edition-2022-23-dri-fit-nba-swingman-jersey-SVQpm7/DN2009-728,Los Angeles Lakers Icon Edition 2022/23,Nike Dri-FIT NBA Swingman Jersey,5 995.00,"Every team has its true colours, an unmistakable identity that sets it apart from the rest of the league. Honouring a rich hoops heritage, this Los Angeles Lakers jersey is inspired by what the pros wear on the hardwood, from squad details to lightweight, sweat-wicking mesh. It helps keep you dry and cool on or off the court while you rep your favourite player and the game you love.Colour Shown: AmarilloStyle: DN2009-728",Amari
https://www.nike.com/in/t/los-angeles-lakers-statement-edition-jordan-dri-fit-nba-swingman-jersey-lhdHs0/DO9530-505,Los Angeles Lakers Statement Edition,Jordan Dri-FIT NBA Swingman Jersey,5 995.00,"Emulate your favourite player in this Los Angeles Lakers jersey, a fan-ready favourite with logo and design details that match what the pros wear on the court. Plus, it infuses breathable mesh with sweat-wicking technology to help keep you cool and dry whether you're burning up the court or just keeping it casual around town.Colour Shown: Field PurpleStyle: DO9530-505",Field Purple
https://www.nike.com/in/t/polo-slim-fit-polo-s969Wc/DA4380-706,The Nike Polo,Men's Slim-Fit Polo,2 995.00,"This isn't your average polo—it's The Nike Polo. Every detail, from its innovative, sweat-wicking fabric to the hints of orange that nod to Nike's original shoe box, has been thoughtfully crafted to meet the needs of the everyday you. The result is a street-ready style that looks as at home on the course or court as it does everywhere else. To top it off, this product is made with 100% sustainable materials, using a blend of both recycled polyester and organic cotton fibres.Colour Shown: Lemon ChiffonStyle: DA4380-706",Lemon Chiff
https://www.nike.com/in/t/dri-fit-victory-golf-polo-4ZK4F7/DH0823-010,Nike Dri-FIT Victory,Men's Golf Polo,2 295.00,"Crafted from breathable, sweat-wicking fabric, the Nike Dri-FIT Victory Polo puts a new spin on golf performance. This product is made from 100% recycled polyester fibres.Colour Shown: Black/WhiteStyle: DH0823-010",Black/White
https://www.nike.com/in/t/liverpool-fc-victory-dri-fit-football-polo-VC8VHL/DV5131-397,Liverpool F.C. Victory,Men's Nike Dri-FIT Football Polo,2 795.00,"Crafted from breathable sweat-wicking technology, the Liverpool F.C. Victory Polo helps keep you cool and dry, while putting a modern spin on a classic design. A woven crest on the chest flies your team pride.Colour Shown: Pro Green/Poison Green/Poison GreenStyle: DV5131-397",Pro Green/Poison Green/Poison Gree
https://www.nike.com/in/t/nikecourt-dri-fit-tennis-polo-xQtSz0/DH0858-100,NikeCourt Dri-FIT,Men's Tennis Polo,1 895.00,"Made from soft knit fabric that's made from 100% recycled polyester fibres, the NikeCourt Dri-FIT Polo is a classic-looking, sweat-wicking court staple.Colour Shown: White/BlackStyle: DH0858-100",White/Black
https://www.nike.com/in/t/dri-fit-victory-all-over-print-golf-polo-9nFzXh/DV8498-410,Nike Dri-FIT Victory+,Men's All-over Print Golf Polo,2 895.00,"Crafted from breathable, sweat-wicking fabric, our Victory Polo puts a new spin on golf performance. We made this one with a golf-tee print for those moments when you're getting ready to start the course off with your best drive.Colour Shown: Midnight Navy/Black/WhiteStyle: DV8498-410",Midnight Navy/Black/White
https://www.nike.com/in/t/tiger-woods-dri-fit-adv-golf-polo-5RDNTV/DZ5381-410,Tiger Woods,Men's Nike Dri-FIT ADV Golf Polo,3 995.00,"To be at your best on the course, you need to be at your most comfortable. We made this polo for just that purpose, using insights from Tiger Woods to create a super-soft, stretchy feel that won't hold back your swing. Breathable material throughout the front and back help you stay cool and focused. Plus, sweat-wicking fabric helps you stay dry and keeps the top from sticking when playing in extreme heat.Colour Shown: Midnight Navy/WhiteStyle: DZ5381-410",Midnight Navy/White
https://www.nike.com/in/t/dri-fit-tour-jacquard-golf-polo-xZs8rK/DR5304-100,Nike Dri-FIT Tour,Men's Jacquard Golf Polo,3 295.00,"Our breathable, jacquard Tour Polo is all about consistent performance, with a stretchy, sweat-wicking feel that helps you get the most out your swing. Ventilated fabric around the neck brings cool comfort on the course and beyond. We chose a length that will allow you to wear it tucked or untucked, any time of year.Colour Shown: White/BlackStyle: DR5304-100",White/Black
https://www.nike.com/in/t/dri-fit-adv-tiger-woods-golf-polo-S41kvS/DR5328-010,Nike Dri-FIT ADV Tiger Woods,Men's Golf Polo,5 495.00,"To be at your best on the course, you need to be at your most comfortable. That's why we used Tiger's insights on this camo polo. It has a super-soft, stretchy feel so nothing holds you back as you take your swing. Breathable textures throughout the front and back help you stay cool and focused. Plus, it's made from sweat-wicking fabric so you stay dry and the top doesn't cling when you're playing in extreme heat.Colour Shown: Black/Anthracite/WhiteStyle: DR5328-010",Black/Anthracite/White
https://www.nike.com/in/t/nikecourt-dri-fit-adv-slam-tennis-polo-9Zt42K/DV0693-015,NikeCourt Dri-FIT ADV Slam,Men's Tennis Polo,4 995.00,"Our Slam Polo was made to help you rally to greatness. We started with stretchy, breathable fabric so you can move without a hitch. Then we moved the sleeve seams forward, which helps keep your arms free as you slice and smash for the win.Colour Shown: Gridiron/WhiteStyle: DV0693-015",Gridiron/White
https://www.nike.com/in/t/dri-fit-tour-washed-golf-polo-JnvNpq/DR5309-060,Nike Dri-FIT Tour,Men's Washed Golf Polo,,"Our washed-print Tour Polo is all about consistent performance thanks to its stretchy, sweat-wicking feel that helps you get the most out your swing. It's super lightweight, with breathable mesh that feels cool and smooth on the course and beyond. We chose a length that allows you to wear it tucked or untucked, any time of year.Colour Shown: Anthracite/WhiteStyle: DR5309-060",Anthracite/White
https://www.nike.com/in/t/jordan-dri-fit-adv-sport-golf-polo-FrpwtP/DZ0548-310,Jordan Dri-FIT ADV Sport,Men's Golf Polo,3 995.00,"You're gonna stand out on the links in this bold polo. Flexible fabric enhanced with Dri-FIT ADV technology helps you stay fresh through 18 holes. Luxe details like the jacquard-woven pattern, embroidered Jumpman and sewn-in Wings lines make your look pop.Colour Shown: Lucky Green/Lucky Green/BlackStyle: DZ0548-310",Lucky Green/Lucky Green/Black
https://www.nike.com/in/t/polo-print-slim-fit-polo-wCFZSF/DV8916-416,The Nike Polo,Print Slim-Fit Polo,,"This isn't your average polo—it's The Nike Polo. Every detail, from its innovative, sweat-wicking fabric to the hints of orange that reference the Nike shoe box, has been thoughtfully crafted to meet the needs of the everyday you. The result is a street-ready style with a tailored fit that looks at home on the course, the court and everywhere else.Colour Shown: Baltic BlueStyle: DV8916-416",Baltic Blue
https://www.nike.com/in/t/nikecourt-dri-fit-adv-slam-tennis-polo-p0w8sb/DR6592-706,NikeCourt Dri-FIT ADV Slam,Men's Tennis Polo,,"Our Slam Polo was made to help you rally to greatness. We started with stretchy, breathable fabric so you can move without a hitch. Then we moved the sleeve seams forward, which helps keep your arms free as you slice and smash for the win. To top it off, there's a graphic inspired by Australia's terrain, in honour of one of tennis's biggest tournaments.Colour Shown: Lemon Chiffon/BlackStyle: DR6592-706",Lemon Chiffon/Black
https://www.nike.com/in/t/dri-fit-vapor-print-golf-polo-wbFxdg/DN2258-509,Nike Dri-FIT Vapor,Men's Print Golf Polo,,"With the Vapor Polo, soft, stretchy fabric moves with you as you unleash your swing. Breathable fabric feels like cool breeze on a hot day.Colour Shown: Barely Grape/BlackStyle: DN2258-509",Barely Grape/Black
https://www.nike.com/in/t/liverpool-fc-2023-24-stadium-home-dri-fit-football-shirt-gh1m0T/DX2692-688,Liverpool F.C. 2023/24 Stadium Home,Men's Nike Dri-FIT Football Shirt,4 695.00,"Packed with details, the Liverpool F.C. 2023/24 shirt remembers the 97 people who tragically died in the Hillsborough Disaster. A 97 set between two eternal flames resides on the inner pride, while white accents on the collar and sleeves nod to a shirt worn by the legendary '74 squad. Our Stadium collection pairs replica design details with sweat-wicking technology to give you a game-ready look inspired by your favourite team.Colour Shown: Gym Red/WhiteStyle: DX2692-688",Gym Red/White
https://www.nike.com/in/t/liverpool-fc-2023-24-match-home-dri-fit-adv-football-shirt-1GMS7Z/DX2618-688,Liverpool F.C. 2023/24 Match Home,Men's Nike Dri-FIT ADV Football Shirt,7 995.00,"Packed with details, the Liverpool F.C. 2023/24 shirt remembers the 97 people who tragically died in the Hillsborough Disaster. A 97 set between two eternal flames resides on the inside, while white accents on the collar and sleeves nod to a shirt the legendary '74 squad wore. Our Match collection pairs authentic design details with lightweight, quick-drying technology to help keep the world's biggest football stars cool and comfortable on the pitch.Colour Shown: Gym Red/WhiteStyle: DX2618-688",Gym Red/White
https://www.nike.com/in/t/paris-saint-germain-2022-23-stadium-home-dri-fit-football-jersey-qKgLsn/DM1844-411,Paris Saint-Germain 2022/23 Stadium Home,Men's Nike Dri-FIT Football Shirt,,"Like other shirts from our Stadium collection, this one pairs replica design details with sweat-wicking fabric to give you a game-ready look inspired by your favourite team. This product is made from 100% recycled polyester fibres.Colour Shown: Midnight Navy/White/Midnight NavyStyle: DM1844-411",Midnight Navy/White/Midnight Navy
https://www.nike.com/in/t/lebron-james-los-angeles-lakers-2022-23-select-series-dri-fit-nba-swingman-jersey-6PjGBv/FD4093-580,LeBron James Los Angeles Lakers 2022/23 Select Series,Men's Nike Dri-FIT NBA Swingman Jersey,7 995.00,"MVP. Champion. Future Hall of Famer. Our Select Series honours LeBron James as a living NBA legend. The distinctive dyed design of this jersey is unique to LeBron, celebrating everything that makes him 1 of 1 on the court.Colour Shown: Purple PulseStyle: FD4093-580",Purple Pulse
https://www.nike.com/in/t/los-angeles-lakers-icon-edition-2022-23-dri-fit-nba-swingman-jersey-SVQpm7/DN2009-728,Los Angeles Lakers Icon Edition 2022/23,Nike Dri-FIT NBA Swingman Jersey,5 995.00,"Every team has its true colours, an unmistakable identity that sets it apart from the rest of the league. Honouring a rich hoops heritage, this Los Angeles Lakers jersey is inspired by what the pros wear on the hardwood, from squad details to lightweight, sweat-wicking mesh. It helps keep you dry and cool on or off the court while you rep your favourite player and the game you love.Colour Shown: AmarilloStyle: DN2009-728",Amari
https://www.nike.com/in/t/fc-barcelona-2022-23-stadium-third-dri-fit-football-shirt-rmhqzp/DN2713-043,F.C. Barcelona 2022/23 Stadium Third,Men's Nike Dri-FIT Football Shirt,,"Like other shirts from our Stadium collection, this one pairs replica design details with sweat-wicking fabric to give you a game-ready look inspired by your favourite team.Colour Shown: Sky Grey/BlackStyle: DN2713-043",ky Grey/Black
https://www.nike.com/in/t/golden-state-warriors-statement-edition-jordan-dri-fit-nba-swingman-jersey-RzdBxJ/DO9526-423,Golden State Warriors Statement Edition,Jordan Dri-FIT NBA Swingman Jersey,5 995.00,"Emulate your favourite player in this Golden State Warriors jersey, a fan-ready favourite with logo and design details that match what the pros wear on the court. Plus, it infuses breathable mesh with sweat-wicking technology to help keep you cool and dry whether you're burning up the court or just keeping it casual around town.Colour Shown: Loyal BlueStyle: DO9526-423",Loyal Blue
https://www.nike.com/in/t/los-angeles-lakers-statement-edition-jordan-dri-fit-nba-swingman-jersey-lhdHs0/DO9530-505,Los Angeles Lakers Statement Edition,Jordan Dri-FIT NBA Swingman Jersey,5 995.00,"Emulate your favourite player in this Los Angeles Lakers jersey, a fan-ready favourite with logo and design details that match what the pros wear on the court. Plus, it infuses breathable mesh with sweat-wicking technology to help keep you cool and dry whether you're burning up the court or just keeping it casual around town.Colour Shown: Field PurpleStyle: DO9530-505",Field Purple
https://www.nike.com/in/t/paris-saint-germain-2022-23-match-home-dri-fit-adv-football-shirt-W0rmh0/DJ7649-411,Paris Saint-Germain 2022/23 Match Home,Men's Nike Dri-FIT ADV Football Shirt,,"Like other shirts from our Match collection, this one pairs authentic design details with lightweight, quick-drying fabric to help keep the world's biggest football stars cool and comfortable on the pitch. This product is made from 100% recycled polyester fibres.Colour Shown: Midnight Navy/White/Midnight NavyStyle: DJ7649-411",Midnight Navy/White/Midnight Navy
https://www.nike.com/in/t/ja-morant-memphis-grizzlies-2023-select-series-dri-fit-nba-swingman-jersey-VCsnxG/FD4101-428,Ja Morant Memphis Grizzlies 2023 Select Series,Men's Nike Dri-FIT NBA Swingman Jersey,7 995.00,"All-Star. Certified bucket. Future Hall of Famer? Our Select Series honours Ja Morant as a superstar in the making. The distinctive dyed design of this jersey is unique to Ja, celebrating everything that makes him 1 of 1 on the court.Colour Shown: Cobalt TintStyle: FD4101-428",balt Tint
https://www.nike.com/in/t/los-angeles-lakers-association-edition-2022-23-dri-fit-nba-swingman-jersey-4b3ZtP/DN2081-100,Los Angeles Lakers Association Edition 2022/23,Nike Dri-FIT NBA Swingman Jersey,5 995.00,"With a white background, the Association Edition Jersey is a common thread shared by every team in the NBA. This Los Angeles Lakers jersey is inspired by what the pros wear on the hardwood, from team colours and graphics to lightweight, sweat-wicking mesh. It helps keep you dry and cool on or off the court while you rep your favourite player and the game you love.Colour Shown: WhiteStyle: DN2081-100",White
https://www.nike.com/in/t/paris-saint-germain-2023-24-stadium-fourth-jordan-dri-fit-football-shirt-1Tr6Rd/DR3969-011,Paris Saint-Germain 2023/24 Stadium Fourth,Men's Jordan Dri-FIT Football Shirt,4 695.00,Our Stadium collection pairs replica design details with sweat-wicking technology to give you a game-ready look inspired by your favourite team.Colour Shown: Black/Tour Yellow/Tour YellowStyle: DR3969-011,Black/Tour Yellow/Tour Ye
https://www.nike.com/in/t/liverpool-fc-2022-23-match-home-dri-fit-adv-football-shirt-7SPRhx/DJ7647-609,Liverpool F.C. 2022/23 Match Home,Men's Nike Dri-FIT ADV Football Shirt,,"Like other shirts from our Match collection, this one pairs authentic design details with lightweight, quick-drying fabric to help keep the world's biggest football stars cool and comfortable on the pitch. This product is made from 100% recycled polyester fibres.Colour Shown: Tough Red/Team Red/WhiteStyle: DJ7647-609",Tough Red/Team Red/White
https://www.nike.com/in/t/brooklyn-nets-icon-edition-2022-23-dri-fit-nba-swingman-jersey-F1K2jL/DN1996-010,Brooklyn Nets Icon Edition 2022/23,Nike Dri-FIT NBA Swingman Jersey,5 995.00,"Every team has its true colours, an unmistakable identity that sets it apart from the rest of the league. Honouring a rich hoops heritage, this Brooklyn Nets jersey is inspired by what the pros wear on the hardwood, from squad details to lightweight, sweat-wicking mesh. It helps keep you dry and cool on or off the court while you rep your favourite player and the game you love.Colour Shown: BlackStyle: DN1996-010",Black
https://www.nike.com/in/t/liverpool-fc-2022-23-stadium-away-dri-fit-football-shirt-59plqH/DN2715-101,Liverpool F.C. 2022/23 Stadium Away,Men's Nike Dri-FIT Football Shirt,,"Like other shirts from our Stadium collection, this one pairs replica design details with sweat-wicking fabric to give you a game-ready look inspired by your favourite team.Colour Shown: White/BlackStyle: DN2715-101",White/Black
https://www.nike.com/in/t/paris-saint-germain-2022-23-match-fourth-jordan-dri-fit-adv-football-shirt-9mlMj7/DR3797-010,Paris Saint-Germain 2022/23 Match Fourth,Men's Jordan Dri-FIT ADV Football Shirt,7 995.00,"Our Match collection pairs authentic design details with lightweight, quick-drying technology to help keep the world's biggest football stars cool and comfortable on the pitch.Colour Shown: Black/Tour Yellow/Tour YellowStyle: DR3797-010",Black/Tour Yellow/Tour Ye
https://www.nike.com/in/t/england-2022-23-stadium-away-dri-fit-football-shirt-B3g41j/DN0685-600,England 2022/23 Stadium Away,Men's Nike Dri-FIT Football Shirt,4 695.00,"Never done working as one. Like other shirts from our Stadium collection, this one pairs replica design details with sweat-wicking fabric to give you a game-ready look inspired by your favourite team.Colour Shown: Challenge Red/Blue Void/Blue FuryStyle: DN0685-600",allenge Red/Blue Void/Blue Fury
https://www.nike.com/in/t/fc-barcelona-2023-24-stadium-fourth-dri-fit-football-shirt-JlDgPS/DR5079-729,F.C. Barcelona 2023/24 Stadium Fourth,Men's Nike Dri-FIT Football Shirt,4 695.00,Our Stadium collection pairs replica design details with sweat-wicking technology to give you a game-ready look inspired by your favourite team.Colour Shown: Amarillo/University Red/Deep Royal BlueStyle: DR5079-729,Amarillo/University Red/Deep Royal Blue
https://www.nike.com/in/t/johor-darul-tazim-fc-2022-stadium-home-dri-fit-football-shirt-RhJPmJ/DQ8469-480,Johor Darul Ta'zim FC 2022 Stadium Home,Men's Nike Dri-FIT Football Shirt,4 695.00,"Like other shirts from our Stadium collection, this one pairs replica design details with sweat-wicking fabric to give you a game-ready look inspired by your favourite team.Colour Shown: Game Royal/White/WhiteStyle: DQ8469-480",Game Royal/White/White
https://www.nike.com/in/t/tottenham-hotspur-2022-23-stadium-away-dri-fit-football-shirt-91f332/DM1837-431,Tottenham Hotspur 2022/23 Stadium Away,Men's Nike Dri-FIT Football Shirt,,"Like other shirts from our Stadium collection, this one pairs replica design details with sweat-wicking fabric to give you a game-ready look inspired by your favourite team. This product is made from 100% recycled polyester fibres.Colour Shown: Lapis/Black/WhiteStyle: DM1837-431",Lapis/Black/White
https://www.nike.com/in/t/liverpool-fc-2022-23-match-away-dri-fit-adv-football-shirt-m4R8j2/DN2708-101,Liverpool F.C. 2022/23 Match Away,Men's Nike Dri-FIT ADV Football Shirt,,"Like other shirts from our Match collection, this one pairs authentic design details with lightweight, quick-drying fabric to help keep the world's biggest football stars cool and comfortable on the pitch.Colour Shown: White/BlackStyle: DN2708-101",White/Black
https://www.nike.com/in/t/dallas-mavericks-icon-edition-2022-23-dri-fit-nba-swingman-jersey-05lPRw/DN2002-480,Dallas Mavericks Icon Edition 2022/23,Nike Dri-FIT NBA Swingman Jersey,5 995.00,"Every team has its true colours, an unmistakable identity that sets it apart from the rest of the league. Honouring a rich hoops heritage, this Dallas Mavericks jersey is inspired by what the pros wear on the hardwood, from squad details to lightweight, sweat-wicking mesh. It helps keep you dry and cool on or off the court while you rep your favourite player and the game you love.Colour Shown: Game RoyalStyle: DN2002-480",Game Roya
https://www.nike.com/in/t/lebron-james-los-angeles-lakers-city-edition-dri-fit-nba-swingman-jersey-mXZSMg/DO9597-101,LeBron James Los Angeles Lakers City Edition,Nike Dri-FIT NBA Swingman Jersey,5 995.00,"Your squad has powerful ties to their hometown and the Los Angeles Lakers City Edition Jersey celebrates that bond. To highlight the culture and community of your team's locale for this replica design, we pulled features from past kits that nod to the identity of Los Angeles. Plus, breathable, sweat-wicking fabric helps you stay cool as you show your devotion to your favourite team and city.Colour Shown: WhiteStyle: DO9597-101",White
https://www.nike.com/in/t/paris-saint-germain-2022-23-stadium-third-dri-fit-football-shirt-rRWMFl/DN2716-101,Paris Saint-Germain 2022/23 Stadium Third,Men's Nike Dri-FIT Football Shirt,,"Like other shirts from our Stadium collection, this one pairs replica design details with sweat-wicking fabric to give you a game-ready look inspired by your favourite team.Colour Shown: White/Old Royal/WhiteStyle: DN2716-101",White/Old Royal/White
